pollster,methodology,population,population_full,sample_size,numeric_grade,pollscore
Siena/NYT,Live Phone,rv,rv,857,3,-1.5
Siena/NYT,Live Phone,rv,rv,857,3,-1.5
Siena/NYT,Live Phone,rv,rv,857,3,-1.5
Siena/NYT,Live Phone,rv,rv,857,3,-1.5
Siena/NYT,Live Phone,rv,rv,857,3,-1.5
Siena/NYT,Live Phone,rv,rv,857,3,-1.5
Siena/NYT,Live Phone,lv,lv,857,3,-1.5
Siena/NYT,Live Phone,lv,lv,857,3,-1.5
Siena/NYT,Live Phone,lv,lv,857,3,-1.5
Siena/NYT,Live Phone,lv,lv,857,3,-1.5
Siena/NYT,Live Phone,lv,lv,857,3,-1.5
Siena/NYT,Live Phone,lv,lv,857,3,-1.5
Siena/NYT,Live Phone,lv,lv,808,3,-1.5
Siena/NYT,Live Phone,lv,lv,808,3,-1.5
Siena/NYT,Live Phone,lv,lv,808,3,-1.5
Siena/NYT,Live Phone,lv,lv,808,3,-1.5
Siena/NYT,Live Phone,lv,lv,808,3,-1.5
Siena/NYT,Live Phone,lv,lv,808,3,-1.5
Siena/NYT,Live Phone,rv,rv,808,3,-1.5
Siena/NYT,Live Phone,rv,rv,808,3,-1.5
Siena/NYT,Live Phone,rv,rv,808,3,-1.5
Siena/NYT,Live Phone,rv,rv,808,3,-1.5
Siena/NYT,Live Phone,rv,rv,808,3,-1.5
Siena/NYT,Live Phone,rv,rv,808,3,-1.5
Siena/NYT,Live Phone,rv,rv,656,3,-1.5
Siena/NYT,Live Phone,rv,rv,656,3,-1.5
Siena/NYT,Live Phone,rv,rv,656,3,-1.5
Siena/NYT,Live Phone,rv,rv,656,3,-1.5
Siena/NYT,Live Phone,rv,rv,656,3,-1.5
Siena/NYT,Live Phone,rv,rv,656,3,-1.5
Siena/NYT,Live Phone,lv,lv,656,3,-1.5
Siena/NYT,Live Phone,lv,lv,656,3,-1.5
Siena/NYT,Live Phone,lv,lv,656,3,-1.5
Siena/NYT,Live Phone,lv,lv,656,3,-1.5
Siena/NYT,Live Phone,lv,lv,656,3,-1.5
Siena/NYT,Live Phone,lv,lv,656,3,-1.5
Siena/NYT,Live Phone,lv,lv,3385,3,-1.5
Siena/NYT,Live Phone,lv,lv,3385,3,-1.5
Siena/NYT,Live Phone,lv,lv,3385,3,-1.5
Siena/NYT,Live Phone,lv,lv,3385,3,-1.5
Siena/NYT,Live Phone,lv,lv,3385,3,-1.5
Siena/NYT,Live Phone,lv,lv,3385,3,-1.5
Siena/NYT,Live Phone,lv,lv,622,3,-1.5
Siena/NYT,Live Phone,lv,lv,622,3,-1.5
Siena/NYT,Live Phone,lv,lv,622,3,-1.5
Siena/NYT,Live Phone,lv,lv,622,3,-1.5
Siena/NYT,Live Phone,lv,lv,622,3,-1.5
Siena/NYT,Live Phone,lv,lv,622,3,-1.5
Siena/NYT,Live Phone,rv,rv,622,3,-1.5
Siena/NYT,Live Phone,rv,rv,622,3,-1.5
Siena/NYT,Live Phone,rv,rv,622,3,-1.5
Siena/NYT,Live Phone,rv,rv,622,3,-1.5
Siena/NYT,Live Phone,rv,rv,622,3,-1.5
Siena/NYT,Live Phone,rv,rv,622,3,-1.5
Siena/NYT,Live Phone,lv,lv,617,3,-1.5
Siena/NYT,Live Phone,lv,lv,617,3,-1.5
Siena/NYT,Live Phone,lv,lv,617,3,-1.5
Siena/NYT,Live Phone,lv,lv,617,3,-1.5
Siena/NYT,Live Phone,lv,lv,617,3,-1.5
Siena/NYT,Live Phone,lv,lv,617,3,-1.5
Siena/NYT,Live Phone,rv,rv,617,3,-1.5
Siena/NYT,Live Phone,rv,rv,617,3,-1.5
Siena/NYT,Live Phone,rv,rv,617,3,-1.5
Siena/NYT,Live Phone,rv,rv,617,3,-1.5
Siena/NYT,Live Phone,rv,rv,617,3,-1.5
Siena/NYT,Live Phone,rv,rv,617,3,-1.5
Siena/NYT,Live Phone,rv,rv,680,3,-1.5
Siena/NYT,Live Phone,rv,rv,680,3,-1.5
Siena/NYT,Live Phone,rv,rv,680,3,-1.5
Siena/NYT,Live Phone,rv,rv,680,3,-1.5
Siena/NYT,Live Phone,rv,rv,680,3,-1.5
Siena/NYT,Live Phone,rv,rv,680,3,-1.5
Siena/NYT,Live Phone,lv,lv,680,3,-1.5
Siena/NYT,Live Phone,lv,lv,680,3,-1.5
Siena/NYT,Live Phone,lv,lv,680,3,-1.5
Siena/NYT,Live Phone,lv,lv,680,3,-1.5
Siena/NYT,Live Phone,lv,lv,680,3,-1.5
Siena/NYT,Live Phone,lv,lv,680,3,-1.5
Siena/NYT,Live Phone,rv,rv,688,3,-1.5
Siena/NYT,Live Phone,rv,rv,688,3,-1.5
Siena/NYT,Live Phone,rv,rv,688,3,-1.5
Siena/NYT,Live Phone,rv,rv,688,3,-1.5
Siena/NYT,Live Phone,rv,rv,688,3,-1.5
Siena/NYT,Live Phone,rv,rv,688,3,-1.5
Siena/NYT,Live Phone,lv,lv,688,3,-1.5
Siena/NYT,Live Phone,lv,lv,688,3,-1.5
Siena/NYT,Live Phone,lv,lv,688,3,-1.5
Siena/NYT,Live Phone,lv,lv,688,3,-1.5
Siena/NYT,Live Phone,lv,lv,688,3,-1.5
Siena/NYT,Live Phone,lv,lv,688,3,-1.5
Siena/NYT,Live Phone,rv,rv,687,3,-1.5
Siena/NYT,Live Phone,rv,rv,687,3,-1.5
Siena/NYT,Live Phone,rv,rv,687,3,-1.5
Siena/NYT,Live Phone,rv,rv,687,3,-1.5
Siena/NYT,Live Phone,rv,rv,687,3,-1.5
Siena/NYT,Live Phone,rv,rv,687,3,-1.5
Siena/NYT,Live Phone,lv,lv,687,3,-1.5
Siena/NYT,Live Phone,lv,lv,687,3,-1.5
Siena/NYT,Live Phone,lv,lv,687,3,-1.5
Siena/NYT,Live Phone,lv,lv,687,3,-1.5
Siena/NYT,Live Phone,lv,lv,687,3,-1.5
Siena/NYT,Live Phone,lv,lv,687,3,-1.5
Siena/NYT,Live Phone,rv,rv,680,3,-1.5
Siena/NYT,Live Phone,rv,rv,680,3,-1.5
Siena/NYT,Live Phone,rv,rv,680,3,-1.5
Siena/NYT,Live Phone,rv,rv,680,3,-1.5
Siena/NYT,Live Phone,rv,rv,680,3,-1.5
Siena/NYT,Live Phone,rv,rv,680,3,-1.5
Siena/NYT,Live Phone,lv,lv,680,3,-1.5
Siena/NYT,Live Phone,lv,lv,680,3,-1.5
Siena/NYT,Live Phone,lv,lv,680,3,-1.5
Siena/NYT,Live Phone,lv,lv,680,3,-1.5
Siena/NYT,Live Phone,lv,lv,680,3,-1.5
Siena/NYT,Live Phone,lv,lv,680,3,-1.5
Siena/NYT,Live Phone,rv,rv,713,3,-1.5
Siena/NYT,Live Phone,rv,rv,713,3,-1.5
Siena/NYT,Live Phone,lv,lv,713,3,-1.5
Siena/NYT,Live Phone,lv,lv,713,3,-1.5
Siena/NYT,Live Phone,rv,rv,713,3,-1.5
Siena/NYT,Live Phone,rv,rv,713,3,-1.5
Siena/NYT,Live Phone,rv,rv,713,3,-1.5
Siena/NYT,Live Phone,rv,rv,713,3,-1.5
Siena/NYT,Live Phone,lv,lv,713,3,-1.5
Siena/NYT,Live Phone,lv,lv,713,3,-1.5
Siena/NYT,Live Phone,lv,lv,713,3,-1.5
Siena/NYT,Live Phone,lv,lv,713,3,-1.5
Siena/NYT,Live Phone,rv,rv,682,3,-1.5
Siena/NYT,Live Phone,rv,rv,682,3,-1.5
Siena/NYT,Live Phone,lv,lv,682,3,-1.5
Siena/NYT,Live Phone,lv,lv,682,3,-1.5
Siena/NYT,Live Phone,rv,rv,682,3,-1.5
Siena/NYT,Live Phone,rv,rv,682,3,-1.5
Siena/NYT,Live Phone,rv,rv,682,3,-1.5
Siena/NYT,Live Phone,rv,rv,682,3,-1.5
Siena/NYT,Live Phone,lv,lv,682,3,-1.5
Siena/NYT,Live Phone,lv,lv,682,3,-1.5
Siena/NYT,Live Phone,lv,lv,682,3,-1.5
Siena/NYT,Live Phone,lv,lv,682,3,-1.5
Siena/NYT,Live Phone,rv,rv,682,3,-1.5
Siena/NYT,Live Phone,rv,rv,682,3,-1.5
Siena/NYT,Live Phone,lv,lv,682,3,-1.5
Siena/NYT,Live Phone,lv,lv,682,3,-1.5
Siena/NYT,Live Phone,rv,rv,682,3,-1.5
Siena/NYT,Live Phone,rv,rv,682,3,-1.5
Siena/NYT,Live Phone,rv,rv,682,3,-1.5
Siena/NYT,Live Phone,rv,rv,682,3,-1.5
Siena/NYT,Live Phone,lv,lv,682,3,-1.5
Siena/NYT,Live Phone,lv,lv,682,3,-1.5
Siena/NYT,Live Phone,lv,lv,682,3,-1.5
Siena/NYT,Live Phone,lv,lv,682,3,-1.5
Siena/NYT,Live Phone,lv,lv,2437,3,-1.5
Siena/NYT,Live Phone,lv,lv,2437,3,-1.5
Siena/NYT,Live Phone,rv,rv,2437,3,-1.5
Siena/NYT,Live Phone,rv,rv,2437,3,-1.5
Siena/NYT,Live Phone,rv,rv,2437,3,-1.5
Siena/NYT,Live Phone,rv,rv,2437,3,-1.5
Siena/NYT,Live Phone,rv,rv,2437,3,-1.5
Siena/NYT,Live Phone,rv,rv,2437,3,-1.5
Siena/NYT,Live Phone,lv,lv,2437,3,-1.5
Siena/NYT,Live Phone,lv,lv,2437,3,-1.5
Siena/NYT,Live Phone,lv,lv,2437,3,-1.5
Siena/NYT,Live Phone,lv,lv,2437,3,-1.5
Siena/NYT,Live Phone,rv,rv,1082,3,-1.5
Siena/NYT,Live Phone,rv,rv,1082,3,-1.5
Siena/NYT,Live Phone,lv,lv,1082,3,-1.5
Siena/NYT,Live Phone,lv,lv,1082,3,-1.5
Siena/NYT,Live Phone,rv,rv,1082,3,-1.5
Siena/NYT,Live Phone,rv,rv,1082,3,-1.5
Siena/NYT,Live Phone,rv,rv,1082,3,-1.5
Siena/NYT,Live Phone,rv,rv,1082,3,-1.5
Siena/NYT,Live Phone,lv,lv,1082,3,-1.5
Siena/NYT,Live Phone,lv,lv,1082,3,-1.5
Siena/NYT,Live Phone,lv,lv,1082,3,-1.5
Siena/NYT,Live Phone,lv,lv,1082,3,-1.5
Siena/NYT,Live Phone,lv,lv,1695,3,-1.5
Siena/NYT,Live Phone,lv,lv,1695,3,-1.5
Siena/NYT,Live Phone,lv,lv,1695,3,-1.5
Siena/NYT,Live Phone,lv,lv,1695,3,-1.5
Siena/NYT,Live Phone,lv,lv,1695,3,-1.5
Siena/NYT,Live Phone,lv,lv,1695,3,-1.5
Siena/NYT,Live Phone,rv,rv,1695,3,-1.5
Siena/NYT,Live Phone,rv,rv,1695,3,-1.5
Siena/NYT,Live Phone,rv,rv,1695,3,-1.5
Siena/NYT,Live Phone,rv,rv,1695,3,-1.5
Siena/NYT,Live Phone,rv,rv,1695,3,-1.5
Siena/NYT,Live Phone,rv,rv,1695,3,-1.5
Siena/NYT,Live Phone,rv,rv,677,3,-1.5
Siena/NYT,Live Phone,rv,rv,677,3,-1.5
Siena/NYT,Live Phone,lv,lv,677,3,-1.5
Siena/NYT,Live Phone,lv,lv,677,3,-1.5
Siena/NYT,Live Phone,rv,rv,677,3,-1.5
Siena/NYT,Live Phone,rv,rv,677,3,-1.5
Siena/NYT,Live Phone,rv,rv,677,3,-1.5
Siena/NYT,Live Phone,rv,rv,677,3,-1.5
Siena/NYT,Live Phone,rv,rv,677,3,-1.5
Siena/NYT,Live Phone,rv,rv,677,3,-1.5
Siena/NYT,Live Phone,lv,lv,677,3,-1.5
Siena/NYT,Live Phone,lv,lv,677,3,-1.5
Siena/NYT,Live Phone,lv,lv,677,3,-1.5
Siena/NYT,Live Phone,lv,lv,677,3,-1.5
Siena/NYT,Live Phone,lv,lv,677,3,-1.5
Siena/NYT,Live Phone,lv,lv,677,3,-1.5
Siena/NYT,Live Phone,rv,rv,677,3,-1.5
Siena/NYT,Live Phone,rv,rv,677,3,-1.5
Siena/NYT,Live Phone,lv,lv,677,3,-1.5
Siena/NYT,Live Phone,lv,lv,677,3,-1.5
Siena/NYT,Live Phone,rv,rv,677,3,-1.5
Siena/NYT,Live Phone,rv,rv,677,3,-1.5
Siena/NYT,Live Phone,rv,rv,677,3,-1.5
Siena/NYT,Live Phone,rv,rv,677,3,-1.5
Siena/NYT,Live Phone,rv,rv,677,3,-1.5
Siena/NYT,Live Phone,rv,rv,677,3,-1.5
Siena/NYT,Live Phone,lv,lv,677,3,-1.5
Siena/NYT,Live Phone,lv,lv,677,3,-1.5
Siena/NYT,Live Phone,lv,lv,677,3,-1.5
Siena/NYT,Live Phone,lv,lv,677,3,-1.5
Siena/NYT,Live Phone,lv,lv,677,3,-1.5
Siena/NYT,Live Phone,lv,lv,677,3,-1.5
Siena/NYT,Live Phone,rv,rv,655,3,-1.5
Siena/NYT,Live Phone,rv,rv,655,3,-1.5
Siena/NYT,Live Phone,lv,lv,655,3,-1.5
Siena/NYT,Live Phone,lv,lv,655,3,-1.5
Siena/NYT,Live Phone,rv,rv,655,3,-1.5
Siena/NYT,Live Phone,rv,rv,655,3,-1.5
Siena/NYT,Live Phone,rv,rv,655,3,-1.5
Siena/NYT,Live Phone,rv,rv,655,3,-1.5
Siena/NYT,Live Phone,rv,rv,655,3,-1.5
Siena/NYT,Live Phone,rv,rv,655,3,-1.5
Siena/NYT,Live Phone,lv,lv,655,3,-1.5
Siena/NYT,Live Phone,lv,lv,655,3,-1.5
Siena/NYT,Live Phone,lv,lv,655,3,-1.5
Siena/NYT,Live Phone,lv,lv,655,3,-1.5
Siena/NYT,Live Phone,lv,lv,655,3,-1.5
Siena/NYT,Live Phone,lv,lv,655,3,-1.5
Siena/NYT,Live Phone,rv,rv,661,3,-1.5
Siena/NYT,Live Phone,rv,rv,661,3,-1.5
Siena/NYT,Live Phone,lv,lv,661,3,-1.5
Siena/NYT,Live Phone,lv,lv,661,3,-1.5
Siena/NYT,Live Phone,rv,rv,661,3,-1.5
Siena/NYT,Live Phone,rv,rv,661,3,-1.5
Siena/NYT,Live Phone,rv,rv,661,3,-1.5
Siena/NYT,Live Phone,rv,rv,661,3,-1.5
Siena/NYT,Live Phone,rv,rv,661,3,-1.5
Siena/NYT,Live Phone,rv,rv,661,3,-1.5
Siena/NYT,Live Phone,lv,lv,661,3,-1.5
Siena/NYT,Live Phone,lv,lv,661,3,-1.5
Siena/NYT,Live Phone,lv,lv,661,3,-1.5
Siena/NYT,Live Phone,lv,lv,661,3,-1.5
Siena/NYT,Live Phone,lv,lv,661,3,-1.5
Siena/NYT,Live Phone,lv,lv,661,3,-1.5
Siena/NYT,Live Phone,rv,rv,693,3,-1.5
Siena/NYT,Live Phone,rv,rv,693,3,-1.5
Siena/NYT,Live Phone,lv,lv,693,3,-1.5
Siena/NYT,Live Phone,lv,lv,693,3,-1.5
Siena/NYT,Live Phone,rv,rv,693,3,-1.5
Siena/NYT,Live Phone,rv,rv,693,3,-1.5
Siena/NYT,Live Phone,rv,rv,693,3,-1.5
Siena/NYT,Live Phone,rv,rv,693,3,-1.5
Siena/NYT,Live Phone,rv,rv,693,3,-1.5
Siena/NYT,Live Phone,rv,rv,693,3,-1.5
Siena/NYT,Live Phone,lv,lv,693,3,-1.5
Siena/NYT,Live Phone,lv,lv,693,3,-1.5
Siena/NYT,Live Phone,lv,lv,693,3,-1.5
Siena/NYT,Live Phone,lv,lv,693,3,-1.5
Siena/NYT,Live Phone,lv,lv,693,3,-1.5
Siena/NYT,Live Phone,lv,lv,693,3,-1.5
Siena/NYT,Live Phone,rv,rv,619,3,-1.5
Siena/NYT,Live Phone,rv,rv,619,3,-1.5
Siena/NYT,Live Phone,lv,lv,619,3,-1.5
Siena/NYT,Live Phone,lv,lv,619,3,-1.5
Siena/NYT,Live Phone,rv,rv,619,3,-1.5
Siena/NYT,Live Phone,rv,rv,619,3,-1.5
Siena/NYT,Live Phone,rv,rv,619,3,-1.5
Siena/NYT,Live Phone,rv,rv,619,3,-1.5
Siena/NYT,Live Phone,rv,rv,619,3,-1.5
Siena/NYT,Live Phone,rv,rv,619,3,-1.5
Siena/NYT,Live Phone,lv,lv,619,3,-1.5
Siena/NYT,Live Phone,lv,lv,619,3,-1.5
Siena/NYT,Live Phone,lv,lv,619,3,-1.5
Siena/NYT,Live Phone,lv,lv,619,3,-1.5
Siena/NYT,Live Phone,lv,lv,619,3,-1.5
Siena/NYT,Live Phone,lv,lv,619,3,-1.5
Siena/NYT,Live Phone,rv,rv,661,3,-1.5
Siena/NYT,Live Phone,rv,rv,661,3,-1.5
Siena/NYT,Live Phone,lv,lv,661,3,-1.5
Siena/NYT,Live Phone,lv,lv,661,3,-1.5
Siena/NYT,Live Phone,rv,rv,661,3,-1.5
Siena/NYT,Live Phone,rv,rv,661,3,-1.5
Siena/NYT,Live Phone,rv,rv,661,3,-1.5
Siena/NYT,Live Phone,rv,rv,661,3,-1.5
Siena/NYT,Live Phone,rv,rv,661,3,-1.5
Siena/NYT,Live Phone,rv,rv,661,3,-1.5
Siena/NYT,Live Phone,lv,lv,661,3,-1.5
Siena/NYT,Live Phone,lv,lv,661,3,-1.5
Siena/NYT,Live Phone,lv,lv,661,3,-1.5
Siena/NYT,Live Phone,lv,lv,661,3,-1.5
Siena/NYT,Live Phone,lv,lv,661,3,-1.5
Siena/NYT,Live Phone,lv,lv,661,3,-1.5
Siena/NYT,Live Phone,rv,rv,1142,3,-1.5
Siena/NYT,Live Phone,rv,rv,1142,3,-1.5
Siena/NYT,Live Phone,lv,lv,1142,3,-1.5
Siena/NYT,Live Phone,lv,lv,1142,3,-1.5
Siena/NYT,Live Phone,rv,rv,1142,3,-1.5
Siena/NYT,Live Phone,rv,rv,1142,3,-1.5
Siena/NYT,Live Phone,rv,rv,1142,3,-1.5
Siena/NYT,Live Phone,rv,rv,1142,3,-1.5
Siena/NYT,Live Phone,rv,rv,1142,3,-1.5
Siena/NYT,Live Phone,rv,rv,1142,3,-1.5
Siena/NYT,Live Phone,lv,lv,1142,3,-1.5
Siena/NYT,Live Phone,lv,lv,1142,3,-1.5
Siena/NYT,Live Phone,lv,lv,1142,3,-1.5
Siena/NYT,Live Phone,lv,lv,1142,3,-1.5
Siena/NYT,Live Phone,lv,lv,1142,3,-1.5
Siena/NYT,Live Phone,lv,lv,1142,3,-1.5
Siena/NYT,Live Phone,rv,rv,661,3,-1.5
Siena/NYT,Live Phone,rv,rv,661,3,-1.5
Siena/NYT,Live Phone,lv,lv,661,3,-1.5
Siena/NYT,Live Phone,lv,lv,661,3,-1.5
Siena/NYT,Live Phone,rv,rv,661,3,-1.5
Siena/NYT,Live Phone,rv,rv,661,3,-1.5
Siena/NYT,Live Phone,rv,rv,661,3,-1.5
Siena/NYT,Live Phone,rv,rv,661,3,-1.5
Siena/NYT,Live Phone,rv,rv,661,3,-1.5
Siena/NYT,Live Phone,rv,rv,661,3,-1.5
Siena/NYT,Live Phone,lv,lv,661,3,-1.5
Siena/NYT,Live Phone,lv,lv,661,3,-1.5
Siena/NYT,Live Phone,lv,lv,661,3,-1.5
Siena/NYT,Live Phone,lv,lv,661,3,-1.5
Siena/NYT,Live Phone,lv,lv,661,3,-1.5
Siena/NYT,Live Phone,lv,lv,661,3,-1.5
Siena/NYT,Live Phone,rv,rv,661,3,-1.5
Siena/NYT,Live Phone,rv,rv,661,3,-1.5
Siena/NYT,Live Phone,lv,lv,661,3,-1.5
Siena/NYT,Live Phone,lv,lv,661,3,-1.5
Siena/NYT,Live Phone,rv,rv,661,3,-1.5
Siena/NYT,Live Phone,rv,rv,661,3,-1.5
Siena/NYT,Live Phone,rv,rv,661,3,-1.5
Siena/NYT,Live Phone,rv,rv,661,3,-1.5
Siena/NYT,Live Phone,rv,rv,661,3,-1.5
Siena/NYT,Live Phone,rv,rv,661,3,-1.5
Siena/NYT,Live Phone,lv,lv,661,3,-1.5
Siena/NYT,Live Phone,lv,lv,661,3,-1.5
Siena/NYT,Live Phone,lv,lv,661,3,-1.5
Siena/NYT,Live Phone,lv,lv,661,3,-1.5
Siena/NYT,Live Phone,lv,lv,661,3,-1.5
Siena/NYT,Live Phone,lv,lv,661,3,-1.5
Siena/NYT,Live Phone,rv,rv,872,3,-1.5
Siena/NYT,Live Phone,rv,rv,872,3,-1.5
Siena/NYT,Live Phone,lv,lv,872,3,-1.5
Siena/NYT,Live Phone,lv,lv,872,3,-1.5
Siena/NYT,Live Phone,rv,rv,872,3,-1.5
Siena/NYT,Live Phone,rv,rv,872,3,-1.5
Siena/NYT,Live Phone,rv,rv,872,3,-1.5
Siena/NYT,Live Phone,rv,rv,872,3,-1.5
Siena/NYT,Live Phone,rv,rv,872,3,-1.5
Siena/NYT,Live Phone,rv,rv,872,3,-1.5
Siena/NYT,Live Phone,lv,lv,872,3,-1.5
Siena/NYT,Live Phone,lv,lv,872,3,-1.5
Siena/NYT,Live Phone,lv,lv,872,3,-1.5
Siena/NYT,Live Phone,lv,lv,872,3,-1.5
Siena/NYT,Live Phone,lv,lv,872,3,-1.5
Siena/NYT,Live Phone,lv,lv,872,3,-1.5
Siena/NYT,Live Phone,rv,rv,872,3,-1.5
Siena/NYT,Live Phone,rv,rv,872,3,-1.5
Siena/NYT,Live Phone,lv,lv,872,3,-1.5
Siena/NYT,Live Phone,lv,lv,872,3,-1.5
Siena/NYT,Live Phone,rv,rv,872,3,-1.5
Siena/NYT,Live Phone,rv,rv,872,3,-1.5
Siena/NYT,Live Phone,rv,rv,872,3,-1.5
Siena/NYT,Live Phone,rv,rv,872,3,-1.5
Siena/NYT,Live Phone,rv,rv,872,3,-1.5
Siena/NYT,Live Phone,rv,rv,872,3,-1.5
Siena/NYT,Live Phone,lv,lv,872,3,-1.5
Siena/NYT,Live Phone,lv,lv,872,3,-1.5
Siena/NYT,Live Phone,lv,lv,872,3,-1.5
Siena/NYT,Live Phone,lv,lv,872,3,-1.5
Siena/NYT,Live Phone,lv,lv,872,3,-1.5
Siena/NYT,Live Phone,lv,lv,872,3,-1.5
Siena/NYT,Live Phone,rv,rv,1532,3,-1.5
Siena/NYT,Live Phone,rv,rv,1532,3,-1.5
Siena/NYT,Live Phone,rv,rv,1532,3,-1.5
Siena/NYT,Live Phone,rv,rv,1532,3,-1.5
Siena/NYT,Live Phone,rv,rv,1532,3,-1.5
Siena/NYT,Live Phone,rv,rv,1532,3,-1.5
Siena/NYT,Live Phone,rv,rv,1532,3,-1.5
Siena/NYT,Live Phone,rv,rv,1532,3,-1.5
Siena/NYT,Live Phone,lv,lv,1532,3,-1.5
Siena/NYT,Live Phone,lv,lv,1532,3,-1.5
Siena/NYT,Live Phone,lv,lv,1532,3,-1.5
Siena/NYT,Live Phone,lv,lv,1532,3,-1.5
Siena/NYT,Live Phone,lv,lv,1532,3,-1.5
Siena/NYT,Live Phone,lv,lv,1532,3,-1.5
Siena/NYT,Live Phone,lv,lv,1532,3,-1.5
Siena/NYT,Live Phone,lv,lv,1532,3,-1.5
Siena/NYT,Live Phone,rv,rv,1226,3,-1.5
Siena/NYT,Live Phone,rv,rv,1226,3,-1.5
Siena/NYT,Live Phone,lv,lv,1226,3,-1.5
Siena/NYT,Live Phone,lv,lv,1226,3,-1.5
Siena/NYT,Live Phone,rv,rv,1226,3,-1.5
Siena/NYT,Live Phone,rv,rv,1226,3,-1.5
Siena/NYT,Live Phone,rv,rv,1226,3,-1.5
Siena/NYT,Live Phone,rv,rv,1226,3,-1.5
Siena/NYT,Live Phone,rv,rv,1226,3,-1.5
Siena/NYT,Live Phone,rv,rv,1226,3,-1.5
Siena/NYT,Live Phone,lv,lv,1226,3,-1.5
Siena/NYT,Live Phone,lv,lv,1226,3,-1.5
Siena/NYT,Live Phone,lv,lv,1226,3,-1.5
Siena/NYT,Live Phone,lv,lv,1226,3,-1.5
Siena/NYT,Live Phone,lv,lv,1226,3,-1.5
Siena/NYT,Live Phone,lv,lv,1226,3,-1.5
Siena/NYT,Live Phone,rv,rv,626,3,-1.5
Siena/NYT,Live Phone,rv,rv,626,3,-1.5
Siena/NYT,Live Phone,rv,rv,626,3,-1.5
Siena/NYT,Live Phone,rv,rv,626,3,-1.5
Siena/NYT,Live Phone,rv,rv,626,3,-1.5
Siena/NYT,Live Phone,rv,rv,626,3,-1.5
Siena/NYT,Live Phone,rv,rv,626,3,-1.5
Siena/NYT,Live Phone,rv,rv,626,3,-1.5
Siena/NYT,Live Phone,lv,lv,626,3,-1.5
Siena/NYT,Live Phone,lv,lv,626,3,-1.5
Siena/NYT,Live Phone,lv,lv,626,3,-1.5
Siena/NYT,Live Phone,lv,lv,626,3,-1.5
Siena/NYT,Live Phone,lv,lv,626,3,-1.5
Siena/NYT,Live Phone,lv,lv,626,3,-1.5
Siena/NYT,Live Phone,lv,lv,626,3,-1.5
Siena/NYT,Live Phone,lv,lv,626,3,-1.5
Siena/NYT,Live Phone,rv,rv,604,3,-1.5
Siena/NYT,Live Phone,rv,rv,604,3,-1.5
Siena/NYT,Live Phone,rv,rv,604,3,-1.5
Siena/NYT,Live Phone,rv,rv,604,3,-1.5
Siena/NYT,Live Phone,rv,rv,604,3,-1.5
Siena/NYT,Live Phone,rv,rv,604,3,-1.5
Siena/NYT,Live Phone,rv,rv,604,3,-1.5
Siena/NYT,Live Phone,rv,rv,604,3,-1.5
Siena/NYT,Live Phone,lv,lv,604,3,-1.5
Siena/NYT,Live Phone,lv,lv,604,3,-1.5
Siena/NYT,Live Phone,lv,lv,604,3,-1.5
Siena/NYT,Live Phone,lv,lv,604,3,-1.5
Siena/NYT,Live Phone,lv,lv,604,3,-1.5
Siena/NYT,Live Phone,lv,lv,604,3,-1.5
Siena/NYT,Live Phone,lv,lv,604,3,-1.5
Siena/NYT,Live Phone,lv,lv,604,3,-1.5
Siena/NYT,Live Phone,rv,rv,616,3,-1.5
Siena/NYT,Live Phone,rv,rv,616,3,-1.5
Siena/NYT,Live Phone,rv,rv,616,3,-1.5
Siena/NYT,Live Phone,rv,rv,616,3,-1.5
Siena/NYT,Live Phone,rv,rv,616,3,-1.5
Siena/NYT,Live Phone,rv,rv,616,3,-1.5
Siena/NYT,Live Phone,rv,rv,616,3,-1.5
Siena/NYT,Live Phone,rv,rv,616,3,-1.5
Siena/NYT,Live Phone,lv,lv,616,3,-1.5
Siena/NYT,Live Phone,lv,lv,616,3,-1.5
Siena/NYT,Live Phone,lv,lv,616,3,-1.5
Siena/NYT,Live Phone,lv,lv,616,3,-1.5
Siena/NYT,Live Phone,lv,lv,616,3,-1.5
Siena/NYT,Live Phone,lv,lv,616,3,-1.5
Siena/NYT,Live Phone,lv,lv,616,3,-1.5
Siena/NYT,Live Phone,lv,lv,616,3,-1.5
Siena/NYT,Live Phone,rv,rv,614,3,-1.5
Siena/NYT,Live Phone,rv,rv,614,3,-1.5
Siena/NYT,Live Phone,rv,rv,614,3,-1.5
Siena/NYT,Live Phone,rv,rv,614,3,-1.5
Siena/NYT,Live Phone,rv,rv,614,3,-1.5
Siena/NYT,Live Phone,rv,rv,614,3,-1.5
Siena/NYT,Live Phone,rv,rv,614,3,-1.5
Siena/NYT,Live Phone,rv,rv,614,3,-1.5
Siena/NYT,Live Phone,lv,lv,614,3,-1.5
Siena/NYT,Live Phone,lv,lv,614,3,-1.5
Siena/NYT,Live Phone,lv,lv,614,3,-1.5
Siena/NYT,Live Phone,lv,lv,614,3,-1.5
Siena/NYT,Live Phone,lv,lv,614,3,-1.5
Siena/NYT,Live Phone,lv,lv,614,3,-1.5
Siena/NYT,Live Phone,lv,lv,614,3,-1.5
Siena/NYT,Live Phone,lv,lv,614,3,-1.5
Siena/NYT,Live Phone,rv,rv,1023,3,-1.5
Siena/NYT,Live Phone,rv,rv,1023,3,-1.5
Siena/NYT,Live Phone,rv,rv,1023,3,-1.5
Siena/NYT,Live Phone,rv,rv,1023,3,-1.5
Siena/NYT,Live Phone,rv,rv,1023,3,-1.5
Siena/NYT,Live Phone,rv,rv,1023,3,-1.5
Siena/NYT,Live Phone,rv,rv,1023,3,-1.5
Siena/NYT,Live Phone,rv,rv,1023,3,-1.5
Siena/NYT,Live Phone,lv,lv,1023,3,-1.5
Siena/NYT,Live Phone,lv,lv,1023,3,-1.5
Siena/NYT,Live Phone,lv,lv,1023,3,-1.5
Siena/NYT,Live Phone,lv,lv,1023,3,-1.5
Siena/NYT,Live Phone,lv,lv,1023,3,-1.5
Siena/NYT,Live Phone,lv,lv,1023,3,-1.5
Siena/NYT,Live Phone,lv,lv,1023,3,-1.5
Siena/NYT,Live Phone,lv,lv,1023,3,-1.5
Siena/NYT,Live Phone,rv,rv,614,3,-1.5
Siena/NYT,Live Phone,rv,rv,614,3,-1.5
Siena/NYT,Live Phone,rv,rv,614,3,-1.5
Siena/NYT,Live Phone,rv,rv,614,3,-1.5
Siena/NYT,Live Phone,rv,rv,614,3,-1.5
Siena/NYT,Live Phone,rv,rv,614,3,-1.5
Siena/NYT,Live Phone,rv,rv,614,3,-1.5
Siena/NYT,Live Phone,rv,rv,614,3,-1.5
Siena/NYT,Live Phone,lv,lv,614,3,-1.5
Siena/NYT,Live Phone,lv,lv,614,3,-1.5
Siena/NYT,Live Phone,lv,lv,614,3,-1.5
Siena/NYT,Live Phone,lv,lv,614,3,-1.5
Siena/NYT,Live Phone,lv,lv,614,3,-1.5
Siena/NYT,Live Phone,lv,lv,614,3,-1.5
Siena/NYT,Live Phone,lv,lv,614,3,-1.5
Siena/NYT,Live Phone,lv,lv,614,3,-1.5
Siena/NYT,Live Phone,rv,rv,1059,3,-1.5
Siena/NYT,Live Phone,rv,rv,1059,3,-1.5
Siena/NYT,Live Phone,rv,rv,1059,3,-1.5
Siena/NYT,Live Phone,rv,rv,1059,3,-1.5
Siena/NYT,Live Phone,lv,lv,1059,3,-1.5
Siena/NYT,Live Phone,lv,lv,1059,3,-1.5
Siena/NYT,Live Phone,lv,lv,1059,3,-1.5
Siena/NYT,Live Phone,lv,lv,1059,3,-1.5
Siena/NYT,Live Phone,rv,rv,980,3,-1.5
Siena/NYT,Live Phone,rv,rv,980,3,-1.5
Siena/NYT,Live Phone,lv,lv,980,3,-1.5
Siena/NYT,Live Phone,lv,lv,980,3,-1.5
Siena/NYT,Live Phone,rv,rv,980,3,-1.5
Siena/NYT,Live Phone,rv,rv,980,3,-1.5
Siena/NYT,Live Phone,lv,lv,980,3,-1.5
Siena/NYT,Live Phone,lv,lv,980,3,-1.5
Siena/NYT,Live Phone,rv,rv,980,3,-1.5
Siena/NYT,Live Phone,rv,rv,980,3,-1.5
Siena/NYT,Live Phone,lv,lv,980,3,-1.5
Siena/NYT,Live Phone,lv,lv,980,3,-1.5
Siena/NYT,Live Phone,rv,rv,1016,3,-1.5
Siena/NYT,Live Phone,rv,rv,1016,3,-1.5
Siena/NYT,Live Phone,lv,lv,1016,3,-1.5
Siena/NYT,Live Phone,lv,lv,1016,3,-1.5
Siena/NYT,Live Phone,rv,rv,603,3,-1.5
Siena/NYT,Live Phone,rv,rv,603,3,-1.5
Siena/NYT,Live Phone,lv,lv,603,3,-1.5
Siena/NYT,Live Phone,lv,lv,603,3,-1.5
Siena/NYT,Live Phone,rv,rv,603,3,-1.5
Siena/NYT,Live Phone,rv,rv,603,3,-1.5
Siena/NYT,Live Phone,lv,lv,603,3,-1.5
Siena/NYT,Live Phone,lv,lv,603,3,-1.5
Siena/NYT,Live Phone,rv,rv,603,3,-1.5
Siena/NYT,Live Phone,rv,rv,603,3,-1.5
Siena/NYT,Live Phone,lv,lv,603,3,-1.5
Siena/NYT,Live Phone,lv,lv,603,3,-1.5
Siena/NYT,Live Phone,rv,rv,603,3,-1.5
Siena/NYT,Live Phone,rv,rv,603,3,-1.5
Siena/NYT,Live Phone,lv,lv,603,3,-1.5
Siena/NYT,Live Phone,lv,lv,603,3,-1.5
Siena/NYT,Live Phone,rv,rv,603,3,-1.5
Siena/NYT,Live Phone,rv,rv,603,3,-1.5
Siena/NYT,Live Phone,rv,rv,603,3,-1.5
Siena/NYT,Live Phone,lv,lv,603,3,-1.5
Siena/NYT,Live Phone,lv,lv,603,3,-1.5
Siena/NYT,Live Phone,lv,lv,603,3,-1.5
Siena/NYT,Live Phone,rv,rv,629,3,-1.5
Siena/NYT,Live Phone,rv,rv,629,3,-1.5
Siena/NYT,Live Phone,lv,lv,629,3,-1.5
Siena/NYT,Live Phone,lv,lv,629,3,-1.5
Siena/NYT,Live Phone,rv,rv,629,3,-1.5
Siena/NYT,Live Phone,rv,rv,629,3,-1.5
Siena/NYT,Live Phone,lv,lv,629,3,-1.5
Siena/NYT,Live Phone,lv,lv,629,3,-1.5
Siena/NYT,Live Phone,rv,rv,629,3,-1.5
Siena/NYT,Live Phone,rv,rv,629,3,-1.5
Siena/NYT,Live Phone,lv,lv,629,3,-1.5
Siena/NYT,Live Phone,lv,lv,629,3,-1.5
Siena/NYT,Live Phone,rv,rv,629,3,-1.5
Siena/NYT,Live Phone,rv,rv,629,3,-1.5
Siena/NYT,Live Phone,lv,lv,629,3,-1.5
Siena/NYT,Live Phone,lv,lv,629,3,-1.5
Siena/NYT,Live Phone,rv,rv,629,3,-1.5
Siena/NYT,Live Phone,rv,rv,629,3,-1.5
Siena/NYT,Live Phone,rv,rv,629,3,-1.5
Siena/NYT,Live Phone,lv,lv,629,3,-1.5
Siena/NYT,Live Phone,lv,lv,629,3,-1.5
Siena/NYT,Live Phone,lv,lv,629,3,-1.5
Siena/NYT,Live Phone,rv,rv,616,3,-1.5
Siena/NYT,Live Phone,rv,rv,616,3,-1.5
Siena/NYT,Live Phone,lv,lv,616,3,-1.5
Siena/NYT,Live Phone,lv,lv,616,3,-1.5
Siena/NYT,Live Phone,rv,rv,616,3,-1.5
Siena/NYT,Live Phone,rv,rv,616,3,-1.5
Siena/NYT,Live Phone,lv,lv,616,3,-1.5
Siena/NYT,Live Phone,lv,lv,616,3,-1.5
Siena/NYT,Live Phone,rv,rv,616,3,-1.5
Siena/NYT,Live Phone,rv,rv,616,3,-1.5
Siena/NYT,Live Phone,lv,lv,616,3,-1.5
Siena/NYT,Live Phone,lv,lv,616,3,-1.5
Siena/NYT,Live Phone,rv,rv,616,3,-1.5
Siena/NYT,Live Phone,rv,rv,616,3,-1.5
Siena/NYT,Live Phone,lv,lv,616,3,-1.5
Siena/NYT,Live Phone,lv,lv,616,3,-1.5
Siena/NYT,Live Phone,rv,rv,616,3,-1.5
Siena/NYT,Live Phone,rv,rv,616,3,-1.5
Siena/NYT,Live Phone,rv,rv,616,3,-1.5
Siena/NYT,Live Phone,lv,lv,616,3,-1.5
Siena/NYT,Live Phone,lv,lv,616,3,-1.5
Siena/NYT,Live Phone,lv,lv,616,3,-1.5
Siena/NYT,Live Phone,rv,rv,611,3,-1.5
Siena/NYT,Live Phone,rv,rv,611,3,-1.5
Siena/NYT,Live Phone,lv,lv,611,3,-1.5
Siena/NYT,Live Phone,lv,lv,611,3,-1.5
Siena/NYT,Live Phone,rv,rv,611,3,-1.5
Siena/NYT,Live Phone,rv,rv,611,3,-1.5
Siena/NYT,Live Phone,lv,lv,611,3,-1.5
Siena/NYT,Live Phone,lv,lv,611,3,-1.5
Siena/NYT,Live Phone,rv,rv,611,3,-1.5
Siena/NYT,Live Phone,rv,rv,611,3,-1.5
Siena/NYT,Live Phone,lv,lv,611,3,-1.5
Siena/NYT,Live Phone,lv,lv,611,3,-1.5
Siena/NYT,Live Phone,rv,rv,611,3,-1.5
Siena/NYT,Live Phone,rv,rv,611,3,-1.5
Siena/NYT,Live Phone,lv,lv,611,3,-1.5
Siena/NYT,Live Phone,lv,lv,611,3,-1.5
Siena/NYT,Live Phone,rv,rv,611,3,-1.5
Siena/NYT,Live Phone,rv,rv,611,3,-1.5
Siena/NYT,Live Phone,rv,rv,611,3,-1.5
Siena/NYT,Live Phone,lv,lv,611,3,-1.5
Siena/NYT,Live Phone,lv,lv,611,3,-1.5
Siena/NYT,Live Phone,lv,lv,611,3,-1.5
Siena/NYT,Live Phone,rv,rv,600,3,-1.5
Siena/NYT,Live Phone,rv,rv,600,3,-1.5
Siena/NYT,Live Phone,lv,lv,600,3,-1.5
Siena/NYT,Live Phone,lv,lv,600,3,-1.5
Siena/NYT,Live Phone,rv,rv,600,3,-1.5
Siena/NYT,Live Phone,rv,rv,600,3,-1.5
Siena/NYT,Live Phone,lv,lv,600,3,-1.5
Siena/NYT,Live Phone,lv,lv,600,3,-1.5
Siena/NYT,Live Phone,rv,rv,600,3,-1.5
Siena/NYT,Live Phone,rv,rv,600,3,-1.5
Siena/NYT,Live Phone,lv,lv,600,3,-1.5
Siena/NYT,Live Phone,lv,lv,600,3,-1.5
Siena/NYT,Live Phone,rv,rv,600,3,-1.5
Siena/NYT,Live Phone,rv,rv,600,3,-1.5
Siena/NYT,Live Phone,lv,lv,600,3,-1.5
Siena/NYT,Live Phone,lv,lv,600,3,-1.5
Siena/NYT,Live Phone,rv,rv,600,3,-1.5
Siena/NYT,Live Phone,rv,rv,600,3,-1.5
Siena/NYT,Live Phone,rv,rv,600,3,-1.5
Siena/NYT,Live Phone,lv,lv,600,3,-1.5
Siena/NYT,Live Phone,lv,lv,600,3,-1.5
Siena/NYT,Live Phone,lv,lv,600,3,-1.5
Siena/NYT,Live Phone,rv,rv,603,3,-1.5
Siena/NYT,Live Phone,rv,rv,603,3,-1.5
Siena/NYT,Live Phone,lv,lv,603,3,-1.5
Siena/NYT,Live Phone,lv,lv,603,3,-1.5
Siena/NYT,Live Phone,rv,rv,603,3,-1.5
Siena/NYT,Live Phone,rv,rv,603,3,-1.5
Siena/NYT,Live Phone,lv,lv,603,3,-1.5
Siena/NYT,Live Phone,lv,lv,603,3,-1.5
Siena/NYT,Live Phone,rv,rv,603,3,-1.5
Siena/NYT,Live Phone,rv,rv,603,3,-1.5
Siena/NYT,Live Phone,lv,lv,603,3,-1.5
Siena/NYT,Live Phone,lv,lv,603,3,-1.5
Siena/NYT,Live Phone,rv,rv,603,3,-1.5
Siena/NYT,Live Phone,rv,rv,603,3,-1.5
Siena/NYT,Live Phone,lv,lv,603,3,-1.5
Siena/NYT,Live Phone,lv,lv,603,3,-1.5
Siena/NYT,Live Phone,rv,rv,603,3,-1.5
Siena/NYT,Live Phone,rv,rv,603,3,-1.5
Siena/NYT,Live Phone,rv,rv,603,3,-1.5
Siena/NYT,Live Phone,lv,lv,603,3,-1.5
Siena/NYT,Live Phone,lv,lv,603,3,-1.5
Siena/NYT,Live Phone,lv,lv,603,3,-1.5
Siena/NYT,Live Phone,rv,rv,1329,3,-1.5
Siena/NYT,Live Phone,rv,rv,1329,3,-1.5
Siena/NYT,Live Phone,lv,lv,792,3,-1.5
Siena/NYT,Live Phone,lv,lv,792,3,-1.5
Siena/NYT,Live Phone,rv,rv,792,3,-1.5
Siena/NYT,Live Phone,rv,rv,792,3,-1.5
Siena/NYT,Live Phone,lv,lv,792,3,-1.5
Siena/NYT,Live Phone,lv,lv,792,3,-1.5
Siena/NYT,Live Phone,rv,rv,1399,3,-1.5
Siena/NYT,Live Phone,rv,rv,1399,3,-1.5
Siena/NYT,Live Phone,rv,rv,849,3,-1.5
Siena/NYT,Live Phone,rv,rv,849,3,-1.5
